{
  "description": "SORT mock_v3 deterministic package manifest",
  "files": [
    {
      "path": "mockv3_engine.py",
      "bytes": 31680,
      "sha256": "8695b5bb7dcfecee7975cbce892360f47726c3bd5063c3887377e65f3aada54f"
    },
    {
      "path": "05_config.yaml",
      "bytes": 1532,
      "sha256": "871aaf950de605b603857c95cdc058d2a330b2994b9e02f436b24168c20d0ba4"
    },
    {
      "path": "06_operators.json",
      "bytes": 5558,
      "sha256": "58914f885004ff1421cf1693debd35ec46ceea14ec58ce4f0f1a926ccbd86b58"
    },
    {
      "path": "params_alpha_v3.json",
      "bytes": 569,
      "sha256": "3e14ac60b817416bc109f1706200e566ee0d2f304f2477767e58683b89618370"
    },
    {
      "path": "01_layer1.py",
      "bytes": 2199,
      "sha256": "886682e33d8011aa6746a9f1412b0e3e585b62735cc2a40db0915141468481d4"
    },
    {
      "path": "02_layer2.py",
      "bytes": 2755,
      "sha256": "554fec5611b447367b7e77c489eb6d19a4bdb7113895f07448396adc0d57d6d0"
    },
    {
      "path": "03_layer3.py",
      "bytes": 3124,
      "sha256": "9ab440578407a384973b2e983859298ec047bbefb7cf95a1aa022a82632e8a0c"
    },
    {
      "path": "08_readme_replay.txt",
      "bytes": 1953,
      "sha256": "90db3335852eff9a4b620073b2546afa5c44d9776c7ac68245177d73093041d8"
    }
  ]
}