{
  "description": "Alpha-grid for Layer III semi-spectral update in mock_v3",
  "alpha_min": 0.0,
  "alpha_max": 1.0,
  "n_alpha": 33,
  "grid": [
    0.0,
    0.03125,
    0.0625,
    0.09375,
    0.125,
    0.15625,
    0.1875,
    0.21875,
    0.25,
    0.28125,
    0.3125,
    0.34375,
    0.375,
    0.40625,
    0.4375,
    0.46875,
    0.5,
    0.53125,
    0.5625,
    0.59375,
    0.625,
    0.65625,
    0.6875,
    0.71875,
    0.75,
    0.78125,
    0.8125,
    0.84375,
    0.875,
    0.90625,
    0.9375,
    0.96875,
    1.0
  ],
  "scheme": "linear"
}